point_id,school_id,name,address,role,lat,lon,is_base
school-lit-1533-lomonosovsky,лицей-1533-лит,Лицей №1533 (информационных технологий) — главное здание,"Москва, Ломоносовский проспект, 16",старшая,55.6923,37.5437,1
school-lit-1533-profsoyuznaya,лицей-1533-лит,Лицей №1533 (информационных технологий) — здание 5–8 классов,"Москва, Профсоюзная улица, 24к4",начальная,55.6908,37.5584,0
school-lit-1533-krzhizhanovskogo,лицей-1533-лит,Лицей №1533 (информационных технологий) — здание 3–4 классов,"Москва, улица Кржижановского, 4А",начальная,55.68145,37.56054,0
school-lit-1533-lomonosovsky-b4,лицей-1533-лит,Лицей №1533 (ЛИТ),"Москва, Профсоюзная улица, 24к4",старшая,55.692357,37.543763,0
school-lit-1533-lomonosovsky-b5,лицей-1533-лит,Лицей №1533 (ЛИТ),"Москва, Профсоюзная улица, дом 24, корпус 4",старшая,55.680605,37.562167,0
school-lit-1533-lomonosovsky-b6,лицей-1533-лит,Лицей №1533 (ЛИТ),"Москва, улица Кржижановского, дом 4А",начальная,55.680605,37.562167,0
school-lit-1533-lomonosovsky-b7,лицей-1533-лит,Лицей №1533 (ЛИТ),"Москва, Профсоюзная улица, 24к4",старшая,55.680585,37.562146,0
school-lit-1533-lomonosovsky-b8,лицей-1533-лит,Лицей №1533 (ЛИТ),"Москва, Профсоюзная улица, дом 24, корпус 4",старшая,55.680585,37.562146,0
school-lit-1533-lomonosovsky-b9,лицей-1533-лит,Лицей №1533 (ЛИТ),"Москва, улица Кржижановского, дом 4А",начальная,55.681453,37.560538,0
school-бауманская-инженерная-школа-1580,бауманская-инженерная-школа-1580,Бауманская инженерная школа №1580,"Балаклавский просп., 6А, Москва",старшая,55.64153,37.61307,1
school-бауманская-инженерная-школа-1580-b2,бауманская-инженерная-школа-1580,Бауманская инженерная школа №1580,"Москва, Балаклавский проспект, 6",старшая,55.642523,37.612983,0
school-бауманская-инженерная-школа-1580-b3,бауманская-инженерная-школа-1580,Бауманская инженерная школа №1580,"Москва, ул. Стасовой, 8",старшая,55.713749,37.59537,0
school-бауманская-инженерная-школа-1580-b4,бауманская-инженерная-школа-1580,Бауманская инженерная школа №1580,"Москва, проезд Невельского, 4",старшая,55.750521,37.702401,0
school-бауманская-инженерная-школа-1580-b5,бауманская-инженерная-школа-1580,Бауманская инженерная школа №1580,"Москва, Балаклавский проспект, 6",старшая,55.64255,37.612955,0
school-московская-гимназия-на-юго-западе-1543-им-ю-в-завельского,московская-гимназия-на-юго-западе-1543-ю-в-завельского,Московская гимназия на Юго-Западе №1543 им. Ю. В. Завельского,"ул. 26 Бакинских Комиссаров, 3, корп. 5, Москва",старшая+начальная,55.65606,37.48618,1
school-лицей-вторая-школа-им-в-ф-овчинникова,лицей-вторая-школа-в-ф-овчинникова,Лицей «Вторая школа» им. В. Ф. Овчинникова,"ул. Фотиевой, 18, Москва",старшая+начальная,55.69799,37.55644,1
school-университетская-гимназия-мгу,университетская-гимназия-мгу,Университетская гимназия МГУ,"Ломоносовский проспект, 27, корпус 7",старшая+начальная,55.700603,37.519501,1
school-школа-1514,школа-1514,Школа №1514,"улица Академика Челомея, 6А",старшая,55.66314,37.53269,1
school-школа-1514-b2,школа-1514,Школа №1514,"Москва, улица Крупской, дом 12",старшая,55.685077,37.526887,0
school-школа-1514-b3,школа-1514,Школа №1514,"Москва, улица Новаторов, дом 28",старшая,55.664746,37.525001,0
school-школа-1514-b4,школа-1514,Школа №1514,"Москва, улица Новаторов, дом 34, корпус 1",старшая,55.663552,37.525028,0
school-школа-1514-b5,школа-1514,Школа №1514,"Москва, улица Новаторов, дом 22А",старшая,55.666249,37.524669,0
school-школа-1514-b6,школа-1514,Школа №1514,"Москва, улица Крупской, дом 10",начальная,55.686279,37.528388,0
school-школа-1514-b7,школа-1514,Школа №1514,"Москва, улица Академика Челомея, дом 8Б",дошкольное,55.662466,37.529034,0
school-школа-1514-b8,школа-1514,Школа №1514,"Москва, улица Новаторов, дом 20А",дошкольное,55.665127,37.523034,0
school-школа-1514-b9,школа-1514,Школа №1514,"Москва, улица Новаторов, дом 20, корпус 2",дошкольное,55.66567,37.521156,0
school-новая-школа,новая-школа,Новая школа,"Москва, Мосфильмовская улица, 88к5",старшая+начальная,55.70484,37.49031,1
school-ломоносовская-начальная-москва,ломоносовская-школа,Ломоносовская школа — начальная городская,"Москва, Можайское шоссе, 31к2",начальная,55.72432,37.47168,1
school-ломоносовская-аминьевское,ломоносовская-школа,Ломоносовская школа — основная и старшая,"Москва, Аминьевское шоссе, 18к4",старшая,55.71447,37.456,0
school-ломоносовская-кременчугская,ломоносовская-школа,Ломоносовская школа — корпус на Кременчугской,"Москва, улица Кременчугская, 44к5",иное,55.7181,37.4645,0
school-ломоносовская-начальная-москва-b4,ломоносовская-школа,Ломоносовская школа,"Москва, Московская область, с. Успенское, ул. Советская, 50Б",иное,55.715256,37.06795,0
school-ломоносовская-начальная-москва-b5,ломоносовская-школа,Ломоносовская школа,"Москва, Московская область, с. Успенское, ул. Советская, 50В",дошкольное,55.715256,37.06795,0
school-ломоносовская-начальная-москва-b6,ломоносовская-школа,Ломоносовская школа,"Москва, Аминьевское шоссе, дом 18, корпус 4",старшая,55.714479,37.455986,0
school-ломоносовская-начальная-москва-b7,ломоносовская-школа,Ломоносовская школа,"Москва, улица Кременчугская, дом 44, корпус 5",старшая,55.713324,37.456531,0
school-ломоносовская-начальная-москва-b8,ломоносовская-школа,Ломоносовская школа,"Москва, Можайское шоссе, дом 31, корпус 2",начальная,55.71793,37.421243,0
school-ломоносовская-начальная-москва-b9,ломоносовская-школа,Ломоносовская школа,"Москва, Московская область, с. Успенское, ул. Советская, 50В",дошкольное,55.71517,37.067282,0
school-ломоносовская-начальная-москва-b10,ломоносовская-школа,Ломоносовская школа,"Москва, Аминьевское шоссе, дом 18, корпус 4",старшая,55.71446,37.455947,0
school-ломоносовская-начальная-москва-b11,ломоносовская-школа,Ломоносовская школа,"Москва, улица Кременчугская, дом 44, корпус 5",старшая,55.713314,37.456567,0
school-ломоносовская-начальная-москва-b12,ломоносовская-школа,Ломоносовская школа,"Москва, Можайское шоссе, дом 31, корпус 2",начальная,55.717939,37.421326,0
school-тор-it-school,тор-it-school,ТОР IT SCHOOL,"Москва, улица Покрышкина, 8 к1",старшая+начальная,55.6589,37.49,1
school-тор-it-school-b2,тор-it-school,ТОР IT SCHOOL,"Москва, улица Яблочкова, дом 8А",старшая+начальная,55.816956,37.582764,0
school-тор-it-school-b3,тор-it-school,ТОР IT SCHOOL,"Москва, Новочеремушкинская улица, дом 60, корпус 1",старшая+начальная,55.666015,37.560836,0
school-тор-it-school-b4,тор-it-school,ТОР IT SCHOOL,"Москва, Жулебинский бульвар, дом 27",старшая+начальная,55.688798,37.851951,0
school-тор-it-school-b5,тор-it-school,ТОР IT SCHOOL,"Москва, улица Софьи Ковалевской, дом 6",старшая+начальная,55.881209,37.53315,0
school-тор-it-school-b6,тор-it-school,ТОР IT SCHOOL,"Москва, Нагатинская улица, дом 29, корпус 4",старшая+начальная,55.679197,37.657656,0
school-школа-67,школа-67,Школа №67,"Поклонная улица, дом 4",дошкольное,55.737362,37.532965,1
school-школа-67-b2,школа-67,Школа №67,"Москва, Кутузовский проезд, 10",старшая,55.741409,37.523366,0
school-школа-67-b3,школа-67,Школа №67,"Москва, Поклонная улица, 10, корп. 2",начальная,55.736767,37.528145,0
school-школа-67-b4,школа-67,Школа №67,"Москва, ул. Дениса Давыдова, 5",старшая,55.738723,37.518389,0
school-школа-67-b5,школа-67,Школа №67,"Москва, площадь Победы, 1",дошкольное,55.734983,37.520779,0
school-школа-67-b6,школа-67,Школа №67,"Москва, Поклонная улица, 16",иное,55.734304,37.521462,0
school-школа-67-b7,школа-67,Школа №67,"Москва, ул. Дениса Давыдова, 3",иное,55.739052,37.519755,0
school-школа-67-b8,школа-67,Школа №67,"Москва, ул. Генерала Ермолова, 10/6",дошкольное,55.739194,37.515578,0
school-школа-67-b9,школа-67,Школа №67,"Москва, ул. 1812 года, 12",дошкольное,55.741769,37.520357,0
school-школа-109,школа-109,Школа №109,"улица Академика Бакулева, дом 20",старшая,55.640701,37.475383,1
school-школа-109-b2,школа-109,Школа №109,"Москва, Ленинский проспект, дом 131, корпус 4",начальная,55.64239,37.479266,0
school-школа-109-b3,школа-109,Школа №109,"Москва, Ленинский проспект, дом 137, корпус 3",иное,55.641684,37.476268,0
school-школа-109-b4,школа-109,Школа №109,"Москва, улица Лобановский Лес, дом 2",дошкольное,55.595674,37.428009,0
school-школа-109-b5,школа-109,Школа №109,"Москва, улица Саморы Машела, дом 1",дошкольное,55.653629,37.494789,0
school-школа-109-b6,школа-109,Школа №109,"Москва, Ленинский проспект, дом 137Б",иное,55.641758,37.473601,0
school-школа-109-b7,школа-109,Школа №109,"Москва, Ленинский проспект, дом 137Б",иное,55.641564,37.47395,0
school-школа-192,школа-192,Школа №192,"Ленинский проспект, дом 43А",старшая,55.704777,37.577842,1
school-школа-192-b2,школа-192,Школа №192,"Москва, Ленинский пр-т, 34А",старшая,55.706741,37.57484,0
school-школа-1158,школа-1158,Школа №1158,"Сумской проезд, дом 12Б",дошкольное,55.635191,37.607667,1
school-школа-1158-b2,школа-1158,Школа №1158,"Москва, Сумской проезд, дом 19А",начальная,55.631418,37.595511,0
school-школа-1158-b3,школа-1158,Школа №1158,"Москва, Сумской проезд, дом 21А",начальная,55.629498,37.594697,0
school-школа-1158-b4,школа-1158,Школа №1158,"Москва, микрорайон Северное Чертаново, корпус 810А",начальная,55.633631,37.594389,0
school-школа-1158-b5,школа-1158,Школа №1158,"Москва, микрорайон Северное Чертаново, корпус 812",начальная,55.63756,37.59315,0
school-школа-1158-b6,школа-1158,Школа №1158,"Москва, микрорайон Северное Чертаново, корпус 809",старшая,55.635153,37.596648,0
school-школа-1158-b7,школа-1158,Школа №1158,"Москва, микрорайон Северное Чертаново, корпус 810",старшая,55.634493,37.593801,0
school-школа-1158-b8,школа-1158,Школа №1158,"Москва, Битцевский проезд, дом 10",старшая,55.640143,37.588723,0
school-школа-1158-b9,школа-1158,Школа №1158,"Москва, Чертановская улица, дом 14Б",дошкольное,55.629598,37.595901,0
school-школа-1158-b10,школа-1158,Школа №1158,"Москва, Чертановская улица, дом 8А",дошкольное,55.631225,37.59714,0
school-школа-1158-b11,школа-1158,Школа №1158,"Москва, микрорайон Северное Чертаново, корпус 811",дошкольное,55.639321,37.598921,0
school-школа-1158-b12,школа-1158,Школа №1158,"Москва, микрорайон Северное Чертаново, корпус 813",дошкольное,55.635246,37.590567,0
school-школа-1158-b13,школа-1158,Школа №1158,"Москва, микрорайон Северное Чертаново, корпус 814",дошкольное,55.631911,37.587522,0
school-школа-1158-b14,школа-1158,Школа №1158,"Москва, Битцевский проезд, дом 12",дошкольное,55.63885,37.588189,0
school-школа-1158-b15,школа-1158,Школа №1158,"Москва, микрорайон Северное Чертаново, корпус 810",старшая,55.634496,37.593749,0
school-школа-1329,школа-1329,Школа №1329,"Никулинская улица, дом 12, корпус 2",иное,55.669792,37.466281,1
school-школа-1329-b2,школа-1329,Школа №1329,"Москва, Никулинская улица, дом 10",старшая,55.668963,37.464991,0
school-школа-1329-b3,школа-1329,Школа №1329,"Москва, улица Академика Анохина, дом 2, корпус 5",старшая,55.673434,37.473387,0
school-школа-1329-b4,школа-1329,Школа №1329,"Москва, улица Лобачевского, дом 66",старшая,55.676308,37.493805,0
school-школа-1329-b5,школа-1329,Школа №1329,"Москва, Никулинская улица, дом 8А",старшая,55.668584,37.466907,0
school-школа-1329-b6,школа-1329,Школа №1329,"Москва, улица Академика Анохина, дом 12, корпус 5",дошкольное,55.667797,37.468299,0
school-школа-1329-b7,школа-1329,Школа №1329,"Москва, Мичуринский проспект, Олимпийская деревня, дом 8, корпус 1",дошкольное,55.673631,37.468245,0
school-школа-1329-b8,школа-1329,Школа №1329,"Москва, Мичуринский проспект, Олимпийская деревня, дом 8, корпус 2",дошкольное,55.67324,37.467599,0
school-школа-1448-шуваловская-школа-1448,школа-1448-шуваловская-школа-1448,Школа №1448 «Шуваловская школа № 1448»,"Мичуринский проспект, дом 40",старшая,55.696637,37.493322,1
school-школа-1448-шуваловская-школа-1448-b2,школа-1448-шуваловская-школа-1448,Школа №1448 «Шуваловская школа № 1448»,"Москва, Мичуринский пр-т, д. 5, корп. 1",старшая,55.7025,37.512658,0
school-школа-1448-шуваловская-школа-1448-b3,школа-1448-шуваловская-школа-1448,Школа №1448 «Шуваловская школа № 1448»,"Москва, Мичуринский пр-т, д. 5, корп. 2",дошкольное,55.703068,37.513197,0
school-школа-1448-шуваловская-школа-1448-b4,школа-1448-шуваловская-школа-1448,Школа №1448 «Шуваловская школа № 1448»,"Москва, Мичуринский пр-т, д. 5, корп. 3",дошкольное,55.701866,37.513215,0
school-школа-1448-шуваловская-школа-1448-b5,школа-1448-шуваловская-школа-1448,Школа №1448 «Шуваловская школа № 1448»,"Москва, ул. Довженко, д. 8",дошкольное,55.721356,37.512514,0
school-школа-1448-шуваловская-школа-1448-b6,школа-1448-шуваловская-школа-1448,Школа №1448 «Шуваловская школа № 1448»,"Москва, ул. Довженко, д. 10",начальная,55.720672,37.511859,0
school-школа-1448-шуваловская-школа-1448-b7,школа-1448-шуваловская-школа-1448,Школа №1448 «Шуваловская школа № 1448»,"Москва, 2-й Сетуньский пр., д. 12, корп. 2",иное,55.731161,37.535089,0
school-школа-1448-шуваловская-школа-1448-b8,школа-1448-шуваловская-школа-1448,Школа №1448 «Шуваловская школа № 1448»,"Москва, 2-й Сетуньский пр., д. 9",иное,55.73072,37.533005,0
school-школа-1448-шуваловская-школа-1448-b9,школа-1448-шуваловская-школа-1448,Школа №1448 «Шуваловская школа № 1448»,"Москва, 2-й Мосфильмовский пер., д. 22А",дошкольное,55.728276,37.522881,0
school-школа-1448-шуваловская-школа-1448-b10,школа-1448-шуваловская-школа-1448,Школа №1448 «Шуваловская школа № 1448»,"Москва, ул. Пырьева, д. 11",иное,55.727764,37.523231,0
school-школа-1532,школа-1532,Школа №1532,"улица Тёплый Стан, дом 11А",дошкольное,55.620416,37.492402,1
school-школа-1532-b2,школа-1532,Школа №1532,"Москва, улица Тёплый Стан, дом 13, корпус 3",старшая,55.622629,37.491485,0
school-школа-1532-b3,школа-1532,Школа №1532,"Москва, Профсоюзная улица, дом 156, корпус 6",старшая,55.617729,37.49347,0
school-школа-1532-b4,школа-1532,Школа №1532,"Москва, улица Генерала Тюленева, дом 19",старшая,55.62116,37.484783,0
school-школа-1532-b5,школа-1532,Школа №1532,"Москва, улица Тёплый Стан, дом 13, корпус 4",начальная,55.620194,37.492446,0
school-школа-1532-b6,школа-1532,Школа №1532,"Москва, улица Тёплый Стан, дом 9А",дошкольное,55.620448,37.494288,0
school-школа-1532-b7,школа-1532,Школа №1532,"Москва, улица Генерала Тюленева, дом 37А",дошкольное,55.615004,37.493237,0
school-школа-1532-b8,школа-1532,Школа №1532,"Москва, Профсоюзная улица, дом 156, корпус 2",начальная,55.617774,37.498411,0
school-школа-1532-b9,школа-1532,Школа №1532,"Москва, Профсоюзная улица, дом 156, корпус 4",дошкольное,55.617856,37.496453,0
school-школа-1532-b10,школа-1532,Школа №1532,"Москва, улица Тёплый Стан, дом 5А",дошкольное,55.620835,37.497513,0
school-школа-1532-b11,школа-1532,Школа №1532,"Москва, улица Генерала Тюленева, дом 25, корпус 2",дошкольное,55.619843,37.48976,0
school-школа-1532-b12,школа-1532,Школа №1532,"Москва, улица Тёплый Стан, дом 15, корпус 10",дошкольное,55.62361,37.487838,0
school-школа-1532-b13,школа-1532,Школа №1532,"Москва, улица Генерала Тюленева, дом 5, корпус 2",дошкольное,55.624398,37.486266,0
school-школа-1534-академическая-школа-1534,школа-1534-академическая-школа-1534,Школа №1534 «Академическая школа № 1534»,"Академический, улица Кедрова, дом 18, корпус 3",,55.682776,37.574112,1
school-школа-1534-академическая-школа-1534-b2,школа-1534-академическая-школа-1534,Школа №1534 «Академическая школа № 1534»,"Москва, ул. Кедрова, 11",старшая,55.685092,37.574327,0
school-школа-1534-академическая-школа-1534-b3,школа-1534-академическая-школа-1534,Школа №1534 «Академическая школа № 1534»,"Москва, ул. Профсоюзная, 9А",начальная,55.682113,37.570923,0
school-школа-1534-академическая-школа-1534-b4,школа-1534-академическая-школа-1534,Школа №1534 «Академическая школа № 1534»,"Москва, ул. Профсоюзная, 15А",начальная,55.678189,37.568497,0
school-школа-1534-академическая-школа-1534-b5,школа-1534-академическая-школа-1534,Школа №1534 «Академическая школа № 1534»,"Москва, ул. Гримау, 11А",старшая,55.687386,37.581011,0
school-школа-2007-фмш,школа-2007-фмш,Школа №2007 «ФМШ»,"Чечёрский проезд, дом 6",начальная,55.533064,37.533619,1
school-школа-2007-фмш-b2,школа-2007-фмш,Школа №2007 «ФМШ»,"Москва, ул. Горчакова, 9к1",старшая,55.544754,37.53278,0
school-школа-2007-фмш-b3,школа-2007-фмш,Школа №2007 «ФМШ»,"Москва, ул. Горчакова, 9к2",старшая,55.544209,37.533068,0
school-школа-на-проспекте-вернадского,школа-на-проспекте-вернадского,Школа на проспекте Вернадского,"проспект Вернадского, 127, корпус 2",старшая+начальная,55.665095,37.475225,1
school-школа-на-проспекте-вернадского-b2,школа-на-проспекте-вернадского,Школа на проспекте Вернадского,"Москва, пр-т Вернадского, д. 127, корп. 2 (дошкольное отд.)",дошкольное,55.653111,37.483571,0
school-образовательный-центр-протон,образовательный-центр-протон,Образовательный центр «Протон»,"улица Большая Филёвская, 15",иное,55.747606,37.498559,1
school-образовательный-центр-протон-b2,образовательный-центр-протон,Образовательный центр «Протон»,"Москва, Филевский бульвар, 3, корп. 2",старшая,55.764824,37.491272,0
school-образовательный-центр-протон-b3,образовательный-центр-протон,Образовательный центр «Протон»,"Москва, ул. Большая Филевская, 21, корп. 4",старшая,55.745502,37.492885,0
school-образовательный-центр-протон-b4,образовательный-центр-протон,Образовательный центр «Протон»,"Москва, Филевский бульвар, 13, корп. 2",старшая,55.764711,37.484266,0
school-образовательный-центр-протон-b5,образовательный-центр-протон,Образовательный центр «Протон»,"Москва, Филевский бульвар, 1, корп. 2",иное,55.764724,37.493214,0
school-образовательный-центр-протон-b6,образовательный-центр-протон,Образовательный центр «Протон»,"Москва, Филевский бульвар, 17А",иное,55.764527,37.481468,0
school-образовательный-центр-протон-b7,образовательный-центр-протон,Образовательный центр «Протон»,"Москва, Береговой проезд, 1Б",иное,55.755392,37.514658,0
