entity_id,point_id,name,address,lat,lon,kind,kind_source,coord_quality,selected
школа-2007-фмш,school-школа-2007-фмш,Школа №2007 «ФМШ»,"Чечёрский проезд, дом 6",55.533064,37.533619,blue,"portal 08.10.26: blue — муниципальная школа, территориальный приём в 1 класс (за",stub,1
школа-1532,school-школа-1532,Школа №1532,"улица Тёплый Стан, дом 11А",55.620416,37.492402,blue,"portal 08.10.26: blue — муниципальная школа, территориальный приём в 1 класс (за",stub,1
школа-1158,school-школа-1158,Школа №1158,"Сумской проезд, дом 12Б",55.635191,37.607667,blue,"portal 08.10.26: blue — муниципальная школа, территориальный приём в 1 класс (за",stub,1
школа-109,school-школа-109,Школа №109,"улица Академика Бакулева, дом 20",55.640701,37.475383,blue,"portal 08.10.26: blue — муниципальная школа, территориальный приём в 1 класс (за",stub,1
бауманская-инженерная-школа-1580,school-бауманская-инженерная-школа-1580,Бауманская инженерная школа №1580,"Балаклавский просп., 6А, Москва",55.64153,37.61307,blue,rule:content-admission (Бауманская инженерная школа №1580 in schools_content.tab,verified,1
московская-гимназия-на-юго-западе-1543-ю-в-завельского,school-московская-гимназия-на-юго-западе-1543-им-ю-в-завельского,Московская гимназия на Юго-Западе №1543 им. Ю. В. Завельского,"ул. 26 Бакинских Комиссаров, 3, корп. 5, Москва",55.65606,37.48618,red,"08.10.26: blue→red по справке портала — «Начальной школы в гимназии нет, обучени",verified,1
тор-it-school,school-тор-it-school,ТОР IT SCHOOL,"Москва, улица Покрышкина, 8 к1",55.6589,37.49,blue,rule:content-admission (ТОР IT SCHOOL in schools_content.table @830f792),verified,1
школа-1514,school-школа-1514,Школа №1514,"улица Академика Челомея, 6А",55.66314,37.53269,blue,rule:content-admission (Школа №1514 in schools_content.table @830f792),verified,1
школа-на-проспекте-вернадского,school-школа-на-проспекте-вернадского,Школа на проспекте Вернадского,"проспект Вернадского, 127, корпус 2",55.665095,37.475225,blue,"portal 08.10.26: blue — муниципальная школа, территориальный приём в 1 класс (за",stub,1
школа-1329,school-школа-1329,Школа №1329,"Никулинская улица, дом 12, корпус 2",55.669792,37.466281,blue,"portal 08.10.26: blue — муниципальная школа, территориальный приём в 1 класс (за",stub,1
школа-1534-академическая-школа-1534,school-школа-1534-академическая-школа-1534,Школа №1534 «Академическая школа № 1534»,"Академический, улица Кедрова, дом 18, корпус 3",55.682776,37.574112,blue,"portal 08.10.26: blue — муниципальная школа, территориальный приём в 1 класс (за",stub,1
лицей-1533-лит,school-lit-1533-lomonosovsky,Лицей №1533 (информационных технологий) — главное здание,"Москва, Ломоносовский проспект, 16",55.6923,37.5437,red,default: школа из списка (легенда red); сигналов blue нет,verified,1
школа-1448-шуваловская-школа-1448,school-школа-1448-шуваловская-школа-1448,Школа №1448 «Шуваловская школа № 1448»,"Мичуринский проспект, дом 40",55.696637,37.493322,blue,"portal 08.10.26: blue — муниципальная школа, территориальный приём в 1 класс (за",stub,1
лицей-вторая-школа-в-ф-овчинникова,school-лицей-вторая-школа-им-в-ф-овчинникова,Лицей «Вторая школа» им. В. Ф. Овчинникова,"ул. Фотиевой, 18, Москва",55.69799,37.55644,red,default: школа из списка (легенда red); сигналов blue нет,verified,1
университетская-гимназия-мгу,school-университетская-гимназия-мгу,Университетская гимназия МГУ,"Ломоносовский проспект, 27, корпус 7",55.700603,37.519501,red,default: школа из списка (легенда red); сигналов blue нет,verified,1
школа-192,school-школа-192,Школа №192,"Ленинский проспект, дом 43А",55.704777,37.577842,blue,"portal 08.10.26: blue — муниципальная школа, территориальный приём в 1 класс (за",stub,1
новая-школа,school-новая-школа,Новая школа,"Москва, Мосфильмовская улица, 88к5",55.70484,37.49031,blue,rule:content-admission (Новая школа in schools_content.table @830f792),verified,1
ломоносовская-школа,school-ломоносовская-начальная-москва,Ломоносовская школа — начальная городская,"Москва, Можайское шоссе, 31к2",55.72432,37.47168,blue,rule:content-admission (Ломоносовская школа in schools_content.table @830f792),verified,1
школа-67,school-школа-67,Школа №67,"Поклонная улица, дом 4",55.737362,37.532965,blue,"portal 08.10.26: blue — муниципальная школа, территориальный приём в 1 класс (за",stub,1
образовательный-центр-протон,school-образовательный-центр-протон,Образовательный центр «Протон»,"улица Большая Филёвская, 15",55.747606,37.498559,blue,"portal 08.10.26: blue — муниципальная школа, территориальный приём в 1 класс (за",stub,1
школа-2083,school-школа-2083,Школа №2083,"Щербинка, улица Логинова, дом 8",55.496368,37.514114,blue,"portal 08.10.26: blue — муниципальная школа, территориальный приём в 1 класс (за",stub,0
школа-1980,school-школа-1980,Школа №1980,"Чечёрский проезд, дом 122, корпус 4",55.532187,37.528442,blue,"portal 08.10.26: blue — муниципальная школа, территориальный приём в 1 класс (за",stub,0
школа-548-царицыно,school-школа-548-царицыно,Школа №548 «Царицыно»,"Москва, Ереванская улица, 33",55.62942,37.67293,blue,rule:content-admission (Школа №548 «Царицыно» in schools_content.table @830f792),verified,0
предуниверситарий-нияу-мифи,school-предуниверситарий-нияу-мифи,Предуниверситарий НИЯУ МИФИ,"Каширское шоссе, 31",55.650451,37.6658,red,"portal 08.10.26: red — набора с 1 класса нет (лицей/пансион при вузе, приём в 5–",stub,0
школа-1542,school-школа-1542,Школа №1542,"Наро-Фоминская улица, дом 8",55.656637,37.390933,blue,"portal 08.10.26: blue — муниципальная школа, территориальный приём в 1 класс (за",stub,0
школа-1317,school-школа-1317,Школа №1317,"Тропарево-Никулино, улица Академика Анохина, дом 4, корпус 5",55.661213,37.468784,blue,"portal 08.10.26: blue — муниципальная школа, территориальный приём в 1 класс (за",stub,0
школа-1547,school-школа-1547,Школа №1547,"Перервинский бульвар, дом 5, корпус 3",55.663202,37.766114,blue,"portal 08.10.26: blue — муниципальная школа, территориальный приём в 1 класс (за",stub,0
летово,school-летово-джуниор,«Летово Джуниор»,"Москва, Раменский бульвар, 1А, стр. 1",55.69795,37.5078,blue,manual review 2026-09-25: letovojunior.ru/t.me — приём заявок в 1 класс (2025/26,verified,0
школа-1363,school-школа-1363,Школа №1363,"Сормовская улица, дом 5, корпус 2",55.699989,37.813717,blue,"portal 08.10.26: blue — муниципальная школа, территориальный приём в 1 класс (за",stub,0
школа-1359-имени-авиаконструктора-м-л-миля,school-школа-1359-имени-авиаконструктора-м-л-миля,Школа №1359 «имени авиаконструктора М.Л. Миля»,"Хвалынский бульвар, дом 4, корпус 3",55.700404,37.849445,blue,"portal 08.10.26: blue — муниципальная школа, территориальный приём в 1 класс (за",stub,0
школа-воробьевы-горы,school-школа-воробьевы-горы,Школа «Воробьевы горы»,"улица Косыгина, 17",55.702156,37.55268,blue,"portal 08.10.26: blue — муниципальная школа, территориальный приём в 1 класс (за",stub,0
школа-на-юго-востоке-имени-маршала-в-и-чуйкова,school-школа-на-юго-востоке-имени-маршала-в-и-чуйкова,Школа на Юго-Востоке имени Маршала В.И. Чуйкова,"улица Зеленодольская, 32, корпус 6",55.711848,37.766807,blue,"portal 08.10.26: blue — муниципальная школа, территориальный приём в 1 класс (за",stub,0
школа-интеллектуал,school-школа-интеллектуал,Школа «Интеллектуал»,"Кременчугская ул., 11, стр. 4, Москва",55.71817,37.46446,red,default: школа из списка (легенда red); сигналов blue нет,verified,0
сунц-мгу,school-сунц-мгу,СУНЦ МГУ,"Москва, Проектируемый 5186-й проезд",55.71907,37.46482,red,default: школа из списка (легенда red); сигналов blue нет,verified,0
школа-золотое-сечение,school-школа-золотое-сечение,Школа «Золотое сечение»,"Москва, Ленинский проспект, 13а",55.72194,37.60358,blue,rule:legacy-build_data.py BLUE\GREEN (Золотое сечение),verified,0
школа-171,school-школа-171,Школа №171,"Фрунзенская улица, дом 10",55.722592,37.583376,blue,"portal 08.10.26: blue — муниципальная школа, территориальный приём в 1 класс (за",stub,0
школа-1535,school-школа-1535,Школа №1535,"Усачёва ул., 50, Москва",55.72581,37.56494,blue,rule:content-admission (Школа №1535 in schools_content.table @830f792),verified,0
школа-2127,school-школа-2127,Школа №2127,"Салтыковская улица, дом 5Б",55.733691,37.859708,blue,"portal 08.10.26: blue — муниципальная школа, территориальный приём в 1 класс (за",stub,0
школа-президент,school-школа-президент,Школа «Президент»,"Московская область, деревня Жуковка, Ильинский подъезд, 2с1–4",55.7363,37.22625,blue,rule:content-admission (Школа «Президент» in schools_content.table @830f792),verified,0
школа-технологии-обучения,school-школа-технологии-обучения,Школа «Технологии обучения»,6-й Можайский переулок,55.741143,37.550254,blue,"portal 08.10.26: blue — муниципальная школа, территориальный приём в 1 класс (за",stub,0
школа-1529-имени-а-с-грибоедова,school-школа-1529-имени-а-с-грибоедова,Школа №1529 «имени А.С. Грибоедова»,"Обыденский переулок, дом 9",55.741459,37.603205,blue,"portal 08.10.26: blue — муниципальная школа, территориальный приём в 1 класс (за",stub,0
школа-57,school-школа-57,Школа №57,"Малый Знаменский пер., 7/10с5, Москва",55.74862,37.60499,blue,rule:content-admission (Школа №57 in schools_content.table @830f792),verified,0
школа-покровский-квартал,school-школа-покровский-квартал,Школа «Покровский квартал»,"Покровский бульвар, 11, строение 6",55.754027,37.650169,blue,"portal 08.10.26: blue — муниципальная школа, территориальный приём в 1 класс (за",stub,0
школа-1504,school-школа-1504,Школа №1504,"Ивановское, улица Молостовых, дом 9Б",55.758801,37.836027,blue,"portal 08.10.26: blue — муниципальная школа, территориальный приём в 1 класс (за",stub,0
школа-2048,school-школа-2048,Школа №2048,"улица Липчанского, дом 6А",55.75931,37.517635,blue,"portal 08.10.26: blue — муниципальная школа, территориальный приём в 1 класс (за",stub,0
школа-179,school-школа-179,Школа №179,"ул. Большая Дмитровка, 5/6с7, Москва",55.75965,37.61473,red,default: школа из списка (легенда red); сигналов blue нет,verified,0
школа-2123-имени-мигеля-эрнандеса,school-школа-2123-имени-мигеля-эрнандеса,Школа №2123 «имени Мигеля Эрнандеса»,"Козихинский переулок, дом 5, строение 2",55.761815,37.59843,blue,"portal 08.10.26: blue — муниципальная школа, территориальный приём в 1 класс (за",stub,0
лицей-ниу-вшэ,school-лицей-ниу-вшэ,Лицей НИУ ВШЭ,"Москва, Большой Харитоньевский переулок, 4, стр. 1",55.76364,37.64392,red,default: школа из списка (легенда red); сигналов blue нет,verified,0
французский-лицей-а-дюма-при-посольстве-франции-в-москве-lyc-e-fran-ais-alexandre-dumas,school-французский-лицей-имени-а-дюма-при-посольстве-франции-в-москве-lyc-e-fran-ais-alexandre-dumas,Французский лицей имени А. Дюма при Посольстве Франции в Москве (Lycée français Alexandre Dumas),"Москва, Милютинский переулок, 7А",55.7653,37.63,blue,"manual review 2026-09-25: ucheba.ru — свободное поступление с 3 лет, траектория ",verified,0
mcs-school-magic-castle-school,school-mcs-school-magic-castle-school,MCS School / Magic Castle School,"Москва, переулок Чернышевского, 4, стр. 1",55.7683,37.6107,blue,rule:content-admission (MCS School / Magic Castle School in schools_content.tabl,verified,0
пансион-воспитанниц-мо-рф,school-пансион-воспитанниц-мо-рф,Пансион воспитанниц МО РФ,"улица Поликарпова, 21",55.777801,37.543819,red,"portal 08.10.26: red — набора с 1 класса нет (лицей/пансион при вузе, приём в 5–",stub,0
школа-1517,school-школа-1517,Школа №1517,"Хорошево-Мневники, проспект Маршала Жукова, домовладение 43, корпус 4",55.784916,37.45283,blue,"portal 08.10.26: blue — муниципальная школа, территориальный приём в 1 класс (за",stub,0
школа-2107,school-школа-2107,Школа №2107,"Трифоновская улица, дом 45А, строение 1",55.787048,37.624248,blue,"portal 08.10.26: blue — муниципальная школа, территориальный приём в 1 класс (за",stub,0
курчатовская-школа,school-курчатовская-школа,Курчатовская школа,"улица Паршина, 39",55.78792,37.45006,blue,rule:content-admission (Курчатовская школа in schools_content.table @830f792),verified,0
хорошкола,school-хорошкола-прогимназия,Хорошкола — прогимназия (1–4 классы),"Москва, улица Народного Ополчения, 7А",55.78936,37.48188,blue,rule:content-admission (Хорошкола in schools_content.table @830f792),verified,0
школа-центра-педагогического-мастерства-цпм,school-школа-центра-педагогического-мастерства-цпм,Школа Центра педагогического мастерства (ЦПМ),"Москва, Олимпийский проспект, 11с1",55.78949,37.62188,red,default: школа из списка (легенда red); сигналов blue нет,verified,0
европейская-гимназия,school-европейская-гимназия,Европейская гимназия,"Москва, улица Сокольнический Вал, 28",55.79107,37.66788,blue,rule:legacy-build_data.py BLUE\GREEN (Европейская гимназия),verified,0
школа-марьина-роща-имени-в-ф-орлова,school-школа-марьина-роща-имени-в-ф-орлова,Школа Марьина Роща имени В.Ф. Орлова,"улица Двинцев, 10",55.795437,37.600346,blue,"portal 08.10.26: blue — муниципальная школа, территориальный приём в 1 класс (за",stub,0
финансовый-университет-при-правительстве-рф,school-финансовый-университет-при-правительстве-рф,Финансовый университет при Правительстве РФ,"Ленинградский проспект, 49",55.80035,37.528859,red,"portal 08.10.26: red — набора с 1 класса нет (лицей/пансион при вузе, приём в 5–",stub,0
школа-152,school-школа-152,Школа №152,"Аэропортовская улица, дом 1",55.800579,37.53597,blue,"portal 08.10.26: blue — муниципальная школа, территориальный приём в 1 класс (за",stub,0
павловская-гимназия,school-павловская-гимназия,Павловская гимназия,"Московская область, деревня Веледниково, Живописная улица, 136",55.80143,37.12611,blue,rule:content-admission (Павловская гимназия in schools_content.table @830f792),verified,0
школа-1575,school-школа-1575,Школа №1575,"Планетная улица, дом 23",55.804314,37.542971,blue,"portal 08.10.26: blue — муниципальная школа, территориальный приём в 1 класс (за",stub,0
школа-1252-имени-сервантеса,school-школа-1252-имени-сервантеса,Школа №1252 «имени Сервантеса»,"Сокол, улица Врубеля, дом 6",55.804967,37.500337,blue,"portal 08.10.26: blue — муниципальная школа, территориальный приём в 1 класс (за",stub,0
школа-интеграция-xxi-век,school-школа-интеграция-xxi-век,Школа «Интеграция XXI век»,"Москва, улица Маршала Катукова, 16к1",55.80719,37.40571,blue,rule:content-admission (Школа «Интеграция XXI век» in schools_content.table @830,verified,0
школа-218,school-школа-218,Школа №218,"Тимирязевский, улица Костякова, дом 8",55.808929,37.574783,blue,"portal 08.10.26: blue — муниципальная школа, территориальный приём в 1 класс (за",stub,0
школа-1518,school-школа-1518,Школа №1518,"Останкинский, проспект Мира, дом 87",55.81667,37.629205,blue,"portal 08.10.26: blue — муниципальная школа, территориальный приём в 1 класс (за",stub,0
wunderpark-international-school,school-wunderpark-international-school,Wunderpark International School,"Московская область, деревня Борзые, 1",55.82214,37.05646,blue,rule:legacy-build_data.py BLUE\GREEN (Wunderpark International School),verified,0
школа-1538,school-школа-1538,Школа №1538,"Пятницкое шоссе, дом 16, корпус 3",55.842606,37.384501,blue,"portal 08.10.26: blue — муниципальная школа, территориальный приём в 1 класс (за",stub,0
brookes-moscow-international-school,school-brookes-moscow-international-school,Brookes Moscow International School,"Москва, Лазоревый проезд, 7",55.84806,37.63383,blue,rule:legacy-build_data.py BLUE\GREEN (Brookes Moscow),verified,0
cambridge-international-school,school-cambridge-international-school,Cambridge International School,"Москва, Фестивальная улица, 7а",55.85576,37.47373,blue,rule:legacy-build_data.py BLUE\GREEN (Cambridge International School),verified,0
школа-1571,school-школа-1571,Школа №1571,"Тушино, улица Свободы, дом 63, корпус 2",55.857666,37.447228,blue,"portal 08.10.26: blue — муниципальная школа, территориальный приём в 1 класс (за",stub,0
школа-1558-имени-росалии-де-кастро,school-школа-1558-имени-росалии-де-кастро,Школа №1558 «имени Росалии де Кастро»,"Ленская улица, дом 17, корпус 1",55.866804,37.661582,blue,"portal 08.10.26: blue — муниципальная школа, территориальный приём в 1 класс (за",stub,0
школа-1474,school-школа-1474,Школа №1474,"Клинская улица, дом 24",55.872965,37.490468,blue,"portal 08.10.26: blue — муниципальная школа, территориальный приём в 1 класс (за",stub,0
школа-1537,school-школа-1537,Школа №1537,"Ярославское шоссе, дом 142, корпус 6",55.874278,37.719223,blue,"portal 08.10.26: blue — муниципальная школа, территориальный приём в 1 класс (за",stub,0
школа-2098-имени-героя-советского-союза-л-м-доватора,school-школа-2098-имени-героя-советского-союза-л-м-доватора,Школа №2098 «имени Героя Советского Союза Л.М. Доватора»,"Базовская улица, дом 15, корпус 12",55.877436,37.507005,blue,"portal 08.10.26: blue — муниципальная школа, территориальный приём в 1 класс (за",stub,0
школа-1449-имени-героя-советского-союза-м-в-водопьянова,school-школа-1449-имени-героя-советского-союза-м-в-водопьянова,Школа №1449 «имени Героя Советского Союза М.В. Водопьянова»,"Угличская улица, дом 4, корпус 1",55.893911,37.568507,blue,"portal 08.10.26: blue — муниципальная школа, территориальный приём в 1 класс (за",stub,0
школа-1298,school-школа-1298,Школа №1298,"Юровская улица, дом 97, корпус 1",55.900413,37.383836,blue,"portal 08.10.26: blue — муниципальная школа, территориальный приём в 1 класс (за",stub,0
школа-1194,school-школа-1194,Школа №1194,"Зеленоград, корпус 1551",55.979937,37.153715,blue,"portal 08.10.26: blue — муниципальная школа, территориальный приём в 1 класс (за",stub,0
школа-1557-имени-петра-леонидовича-капицы,school-школа-1557-имени-петра-леонидовича-капицы,Школа №1557 «имени Петра Леонидовича Капицы»,"Зеленоград, корпус 355А",55.994093,37.223879,blue,"portal 08.10.26: blue — муниципальная школа, территориальный приём в 1 класс (за",stub,0
