lobe_id,school_id,mode,min,azimuth,width_deg,r_max_km,area_km2,elongation,zone_share,thr_km,k_mad,suspicious
школа-2007-фмш-pub40-1,школа-2007-фмш,public_transport,40,42.4,20,10.54,6.44,3.9,0.2078,7.09,3,
школа-1532-pub20-1,школа-1532,public_transport,20,237.5,10,6.01,0.3,9.9,0.1473,3.72,3,
школа-1532-pub40-1,школа-1532,public_transport,40,33.1,30,17.07,16.41,3.0,0.1672,11.94,3,
школа-1532-pub40-2,школа-1532,public_transport,40,219.9,25,20.03,11.75,5.1,0.1197,11.94,3,
школа-1158-pub40-1,школа-1158,public_transport,40,157.6,10,18.58,7.49,7.6,0.0795,12.84,3,
школа-109-pub20-1,школа-109,public_transport,20,56.5,25,5.51,0.72,3.6,0.1873,3.04,3,
школа-109-pub20-2,школа-109,public_transport,20,195.2,15,6.27,0.77,6.0,0.2001,3.04,3,
школа-109-pub40-1,школа-109,public_transport,40,192.5,20,24.19,14.13,5.1,0.1131,16.76,3,
бауманская-инженерна-pub20-1,бауманская-инженерная-школа-1580,public_transport,20,170.0,15,7.86,2.16,6.8,0.2139,4.24,3,
бауманская-инженерна-pub20-2,бауманская-инженерная-школа-1580,public_transport,20,252.6,10,6.7,0.53,10.5,0.0523,4.24,3,
бауманская-инженерна-pub40-1,бауманская-инженерная-школа-1580,public_transport,40,157.6,10,20.2,9.35,7.6,0.0678,15.98,3,
московская-гимназия--pub20-1,московская-гимназия-на-юго-западе-1543-ю-в-завельского,public_transport,20,15.2,15,3.37,0.5,6.6,0.0905,2.37,3,
московская-гимназия--pub20-2,московская-гимназия-на-юго-западе-1543-ю-в-завельского,public_transport,20,219.8,15,2.92,0.49,5.1,0.0891,2.37,3,
московская-гимназия--pub20-3,московская-гимназия-на-юго-западе-1543-ю-в-завельского,public_transport,20,342.1,30,3.5,1.16,2.9,0.2086,2.37,3,
московская-гимназия--pub40-1,московская-гимназия-на-юго-западе-1543-ю-в-завельского,public_transport,40,25.0,30,18.35,19.45,2.7,0.2215,11.78,3,
тор-it-school-pub20-1,тор-it-school,public_transport,20,37.6,10,6.51,0.42,7.3,0.0361,4.76,3,
школа-1514-pub40-1,школа-1514,public_transport,40,9.9,15,22.29,12.51,6.2,0.098,17.1,3,
школа-на-проспекте-в-pub40-1,школа-на-проспекте-вернадского,public_transport,40,18.7,30,18.54,34.89,1.5,0.2157,14.6,3,
школа-1329-pub40-1,школа-1329,public_transport,40,25.0,25,18.45,14.65,4.3,0.1883,10.94,3,
школа-1329-pub40-2,школа-1329,public_transport,40,197.5,20,19.66,11.89,4.0,0.1529,10.94,3,
школа-1534-академиче-pub20-1,школа-1534-академическая-школа-1534,public_transport,20,217.4,10,6.92,0.46,11.6,0.0542,3.79,3,
лицей-1533-лит-pub20-1,лицей-1533-лит,public_transport,20,155.0,15,5.11,1.24,5.5,0.1589,4.01,3,
лицей-1533-лит-pub20-2,лицей-1533-лит,public_transport,20,202.4,10,7.56,0.6,10.0,0.0774,4.01,3,
школа-1448-шуваловск-pub20-1,школа-1448-шуваловская-школа-1448,public_transport,20,22.5,10,4.04,0.72,6.7,0.1012,3.64,3,
школа-1448-шуваловск-pub20-2,школа-1448-шуваловская-школа-1448,public_transport,20,209.0,25,12.49,2.06,4.9,0.2912,3.64,3,
школа-1448-шуваловск-pub40-1,школа-1448-шуваловская-школа-1448,public_transport,40,27.1,30,20.42,20.31,2.6,0.1406,14.09,3,
школа-1448-шуваловск-pub40-2,школа-1448-шуваловская-школа-1448,public_transport,40,202.3,20,23.79,20.16,5.0,0.1396,14.09,3,
школа-1448-шуваловск-pub40-3,школа-1448-шуваловская-школа-1448,public_transport,40,340.1,15,18.6,12.77,5.2,0.0884,14.09,3,
лицей-вторая-школа-в-pub20-1,лицей-вторая-школа-в-ф-овчинникова,public_transport,20,23.0,20,5.92,1.67,5.1,0.2992,3.28,3,
лицей-вторая-школа-в-pub20-2,лицей-вторая-школа-в-ф-овчинникова,public_transport,20,215.0,15,4.11,0.8,5.2,0.1426,3.28,3,
университетская-гимн-pub40-1,университетская-гимназия-мгу,public_transport,40,25.0,25,13.55,9.64,3.1,0.1091,9.98,3,
университетская-гимн-pub40-2,университетская-гимназия-мгу,public_transport,40,209.3,30,19.44,12.74,3.5,0.1442,9.98,3,
школа-192-pub20-1,школа-192,public_transport,20,207.5,10,5.72,1.27,7.2,0.1238,4.44,3,
школа-192-pub40-1,школа-192,public_transport,40,15.0,15,18.69,9.88,4.2,0.0661,16.43,3,
новая-школа-pub40-1,новая-школа,public_transport,40,207.6,20,17.26,6.1,5.2,0.1207,9.95,3,
новая-школа-pub40-2,новая-школа,public_transport,40,335.0,15,13.75,3.59,5.4,0.0711,9.95,3,
ломоносовская-школа-pub20-1,ломоносовская-школа,public_transport,20,17.2,20,6.12,1.58,4.3,0.1903,3.66,3,
ломоносовская-школа-pub20-2,ломоносовская-школа,public_transport,20,184.8,15,5.74,0.88,7.3,0.1059,3.66,3,
ломоносовская-школа-pub40-1,ломоносовская-школа,public_transport,40,9.8,15,22.16,17.34,4.9,0.1464,16.69,3,
образовательный-цент-pub20-1,образовательный-центр-протон,public_transport,20,15.2,15,3.76,0.41,5.2,0.0874,2.86,3,
образовательный-цент-pub20-2,образовательный-центр-протон,public_transport,20,197.4,20,4.1,0.83,4.7,0.1772,2.86,3,
образовательный-цент-pub20-3,образовательный-центр-протон,public_transport,20,350.2,15,5.71,0.24,8.4,0.051,2.86,3,
образовательный-цент-pub40-1,образовательный-центр-протон,public_transport,40,7.1,20,14.77,13.97,3.4,0.1497,11.46,3,
образовательный-цент-pub40-2,образовательный-центр-протон,public_transport,40,192.5,10,11.61,6.1,6.0,0.0654,11.46,3,
образовательный-цент-pub40-3,образовательный-центр-протон,public_transport,40,347.9,20,15.0,9.58,5.1,0.1027,11.46,3,
лицей-вторая-школа-в-pub25-1,лицей-вторая-школа-в-ф-овчинникова,public_transport,25,29.9,25,8.2,3.53,5.0,0.2511,4.55,3,
лицей-вторая-школа-в-pub25-2,лицей-вторая-школа-в-ф-овчинникова,public_transport,25,217.8,20,7.8,2.25,5.4,0.1598,4.55,3,
лицей-вторая-школа-в-pub30-1,лицей-вторая-школа-в-ф-овчинникова,public_transport,30,24.7,45,10.24,9.75,2.1,0.3356,5.65,3,
лицей-вторая-школа-в-pub30-2,лицей-вторая-школа-в-ф-овчинникова,public_transport,30,217.9,30,11.37,5.19,3.7,0.1785,5.65,3,
лицей-вторая-школа-в-pub35-1,лицей-вторая-школа-в-ф-овчинникова,public_transport,35,30.2,25,13.29,10.14,3.0,0.1785,9.38,3,
лицей-вторая-школа-в-pub35-2,лицей-вторая-школа-в-ф-овчинникова,public_transport,35,221.5,20,12.05,9.09,3.2,0.16,9.38,3,
