school,school_name,min,azimuth,dist_km,T_in,T_out,threshold,T_out_over_threshold,T_out_minus_T_in,on_zone_boundary
лицей-вторая-школа-в-ф-овчинникова,Лицей «Вторая школа» им. В. Ф. Овчинникова,40,0,4.11,2641,2570,2400,1,-71,0
лицей-вторая-школа-в-ф-овчинникова,Лицей «Вторая школа» им. В. Ф. Овчинникова,40,72,2.32,2685,2543,2400,1,-142,1
лицей-вторая-школа-в-ф-овчинникова,Лицей «Вторая школа» им. В. Ф. Овчинникова,40,144,2.65,3235,2520,2400,1,-715,1
лицей-вторая-школа-в-ф-овчинникова,Лицей «Вторая школа» им. В. Ф. Овчинникова,40,216,6.11,2820,2417,2400,1,-403,0
школа-1532,Школа №1532,40,144,2.29,2608,2734,2400,1,126,1
школа-1532,Школа №1532,40,216,4.2,2789,2670,2400,1,-119,1
школа-1532,Школа №1532,40,288,1.62,2868,2947,2400,1,79,1
школа-2007-фмш,Школа №2007 «ФМШ»,40,0,1.6,2719,2719,2400,1,0,0
школа-2007-фмш,Школа №2007 «ФМШ»,40,72,1.42,2831,2955,2400,1,124,0
школа-2007-фмш,Школа №2007 «ФМШ»,40,216,1.26,2547,2507,2400,1,-40,0
