school,school_name,min,azimuth,dist_km,T_in,threshold,T_in_over_threshold
лицей-вторая-школа-в-ф-овчинникова,Лицей «Вторая школа» им. В. Ф. Овчинникова,20,0,0.02,60,1200,0
лицей-вторая-школа-в-ф-овчинникова,Лицей «Вторая школа» им. В. Ф. Овчинникова,20,36,0.04,228,1200,0
лицей-вторая-школа-в-ф-овчинникова,Лицей «Вторая школа» им. В. Ф. Овчинникова,20,216,0.07,295,1200,0
лицей-вторая-школа-в-ф-овчинникова,Лицей «Вторая школа» им. В. Ф. Овчинникова,20,252,0.04,288,1200,0
лицей-вторая-школа-в-ф-овчинникова,Лицей «Вторая школа» им. В. Ф. Овчинникова,20,288,0.02,60,1200,0
лицей-вторая-школа-в-ф-овчинникова,Лицей «Вторая школа» им. В. Ф. Овчинникова,20,324,0.01,60,1200,0
лицей-вторая-школа-в-ф-овчинникова,Лицей «Вторая школа» им. В. Ф. Овчинникова,40,0,4.11,2641,2400,1
лицей-вторая-школа-в-ф-овчинникова,Лицей «Вторая школа» им. В. Ф. Овчинникова,40,72,2.32,2685,2400,1
лицей-вторая-школа-в-ф-овчинникова,Лицей «Вторая школа» им. В. Ф. Овчинникова,40,144,2.65,3235,2400,1
лицей-вторая-школа-в-ф-овчинникова,Лицей «Вторая школа» им. В. Ф. Овчинникова,40,216,6.11,2820,2400,1
лицей-вторая-школа-в-ф-овчинникова,Лицей «Вторая школа» им. В. Ф. Овчинникова,40,288,2.16,2184,2400,0
школа-1532,Школа №1532,20,0,0.05,161,1200,0
школа-1532,Школа №1532,20,36,0.02,87,1200,0
школа-1532,Школа №1532,20,72,0.01,75,1200,0
школа-1532,Школа №1532,20,108,0.01,68,1200,0
школа-1532,Школа №1532,20,144,0.02,60,1200,0
школа-1532,Школа №1532,20,180,0.07,115,1200,0
школа-1532,Школа №1532,20,216,0.06,85,1200,0
школа-1532,Школа №1532,20,252,0.04,93,1200,0
школа-1532,Школа №1532,20,288,0.04,115,1200,0
школа-1532,Школа №1532,20,324,0.06,140,1200,0
школа-1532,Школа №1532,40,0,3.57,2365,2400,0
школа-1532,Школа №1532,40,72,4.02,2273,2400,0
школа-1532,Школа №1532,40,144,2.29,2608,2400,1
школа-1532,Школа №1532,40,216,4.2,2789,2400,1
школа-1532,Школа №1532,40,288,1.62,2868,2400,1
школа-2007-фмш,Школа №2007 «ФМШ»,20,0,1.19,2186,1200,1
школа-2007-фмш,Школа №2007 «ФМШ»,20,36,1.06,1077,1200,0
школа-2007-фмш,Школа №2007 «ФМШ»,20,72,0.98,1345,1200,1
школа-2007-фмш,Школа №2007 «ФМШ»,20,108,0.78,865,1200,0
школа-2007-фмш,Школа №2007 «ФМШ»,20,144,0.95,1115,1200,0
школа-2007-фмш,Школа №2007 «ФМШ»,20,180,1.42,1107,1200,0
школа-2007-фмш,Школа №2007 «ФМШ»,20,216,0.85,1105,1200,0
школа-2007-фмш,Школа №2007 «ФМШ»,20,252,0.61,1005,1200,0
школа-2007-фмш,Школа №2007 «ФМШ»,20,288,0.17,678,1200,0
школа-2007-фмш,Школа №2007 «ФМШ»,20,324,0.25,593,1200,0
школа-2007-фмш,Школа №2007 «ФМШ»,40,0,1.6,2719,2400,1
школа-2007-фмш,Школа №2007 «ФМШ»,40,72,1.42,2831,2400,1
школа-2007-фмш,Школа №2007 «ФМШ»,40,144,1.79,2065,2400,0
школа-2007-фмш,Школа №2007 «ФМШ»,40,216,1.26,2547,2400,1
школа-2007-фмш,Школа №2007 «ФМШ»,40,288,0.18,1006,2400,0
